"#";"Url";"Bing index";"SEMrush Rank";"SEMrush backlinks";"SEMrush subdomain backlinks"
"1";"https://www.reddit.com/r/Broadcasting/comments/10oyn29/how_do_tv_stations_handle_the_licensing_of_music/";"1,260,000,000 ";"3";"0";"4193327249"
"2";"https://aristake.com/sync-agents/";"4,990,000 ";"301075";"1499";"198590"
"3";"https://www.tunecore.com/guides/sync-licensing-101";"300 ";"23616";"24";"133732"
"4";"https://www.ascap.com/help/career-development/How-To-Acquire-Music-For-Films";"2,180,000 ";"29482";"47";"1989896"
"5";"https://www.trackclub.com/resources/music-licensing-for-film#:~:text=If%20you%20don't%20own,works%20owned%20by%20third%20parties.";"140,000 ";"228113";"0";"743"
"6";"https://www.taxi.com/music-business-faq/ftv/#:~:text=A%20prime%2Dtime%20network%20TV,and%20therefore%20heard%20the%20music.";"1,330,000 ";"140564";"1";"127510"
"7";"https://www.berklee.edu/berklee-now/news/music-licensing-101-how-to-sync-your-music";"669,000 ";"5117";"27";"630629"
"8";"https://www.heate.co/content/sync-licensing-every-term-you-should-know";"5,780,000 ";"4374379";"0";"1308"
"9";"https://school.disco.ac/article/demystifying-music-copyright-3-from-talkies-and-music-synchronization-to-mtv";"4,030,000 ";"201825";"0";"113"
"10";"https://interfinemusic.com/2024/05/06/how-your-music-can-land-in-tv-shows-films-and-ads-sync-licensing/";"40,800 ";"10276446";"0";"84"
"11";"https://trolley.com/learning-center/sync-royalties-a-guide-for-the-streaming-social-media-era/";"27,700,000 ";"264689";"22";"44781"